{
  "name": "Mozart Finance Default List",
  "timestamp": "2021-04-01T09:56:23Z",
  "version": {
    "major": 1,
    "minor": 0,
    "patch": 0
  },
  "tags": {},
  "logoURI": "/images/coins/BNB.png",
  "keywords": ["pancake", "default"],
  "tokens": [
    {
      "name": "MozartFinance Token",
      "symbol": "PIANO",
      "address": "0xd46936677b2c1bb696f2b67c55239331e2b7cd42",
      "chainId": 56,
      "decimals": 18,
      "logoURI": "https://exchange.mozartfinance.io/images/coins/PIANO.png"
    },
    {
      "name": "WBNB Token",
      "symbol": "WBNB",
      "address": "0xbb4cdb9cbd36b01bd1cbaebf2de08d9173bc095c",
      "chainId": 56,
      "decimals": 18,
      "logoURI": "https://exchange.pancakeswap.finance/images/coins/0xbb4cdb9cbd36b01bd1cbaebf2de08d9173bc095c.png"
    },
    {
      "name": "Ethereum Token",
      "symbol": "ETH",
      "address": "0x2170ed0880ac9a755fd29b2688956bd959f933f8",
      "chainId": 97,
      "decimals": 18,
      "logoURI": "https://exchange.pancakeswap.finance/images/coins/0x2170ed0880ac9a755fd29b2688956bd959f933f8.png"
    },
    {
      "name": "PancakeSwap Token",
      "symbol": "CAKE",
      "address": "0x0e09fabb73bd3ade0a17ecc321fd13a19e81ce82",
      "chainId": 56,
      "decimals": 18,
      "logoURI": "https://exchange.pancakeswap.finance/images/pancakeswap.png"
    },
    {
      "name": "BUSD Token",
      "symbol": "BUSD",
      "address": "0xe9e7cea3dedca5984780bafc599bd69add087d56",
      "chainId": 56,
      "decimals": 18,
      "logoURI": "https://exchange.pancakeswap.finance/images/coins/0xe9e7cea3dedca5984780bafc599bd69add087d56.png"
    },
    {
      "name": "Tether USD",
      "symbol": "USDT",
      "address": "0x55d398326f99059ff775485246999027b3197955",
      "chainId": 56,
      "decimals": 18,
      "logoURI": "https://exchange.pancakeswap.finance/images/coins/0x55d398326f99059ff775485246999027b3197955.png"
    },
    {
      "name": "Binance-Peg USD Coin",
      "symbol": "USDC",
      "address": "0x8ac76a51cc950d9822d68b83fe1ad97b32cd580d",
      "chainId": 56,
      "decimals": 18,
      "logoURI": "https://exchange.pancakeswap.finance/images/coins/0x8ac76a51cc950d9822d68b83fe1ad97b32cd580d.png"
    },
    {
      "name": "Polkadot Token",
      "symbol": "DOT",
      "address": "0x7083609fce4d1d8dc0c979aab8c869ea2c873402",
      "chainId": 56,
      "decimals": 18,
      "logoURI": "https://exchange.pancakeswap.finance/images/coins/0x7083609fce4d1d8dc0c979aab8c869ea2c873402.png"
    },
    {
      "name": "Cardano Token",
      "symbol": "ADA",
      "address": "0x3ee2200efb3400fabb9aacf31297cbdd1d435d47",
      "chainId": 56,
      "decimals": 18,
      "logoURI": "https://exchange.pancakeswap.finance/images/coins/0x3ee2200efb3400fabb9aacf31297cbdd1d435d47.png"
    }
  ]
}
